Airport	Carrier	Weather	NationalAirSystem	Security	Total		SUN	6	69	0	0	75		JAN	19	28	0	0	47		SAT	53	29	6	0	88		ABE	37	14	16	0	67		ABI	4	9	0	0	13		ABQ	36	16	4	0	56		ABY	1	4	2	0	7		ACT	6	9	1	0	16		ACV	8	12	23	0	43		ACY	1	2	0	0	3		ADQ	3	3	0	0	6		AEX	2	9	0	0	11		AGS	7	11	2	0	20		ALB	20	57	17	0	94		ALO	10	4	2	0	16		AMA	9	17	2	0	28		ANC	12	15	0	0	27		ASE	22	196	7	0	225		ATL	352	1228	122	1	1703		ATW	32	37	43	0	112		AUS	77	32	17	0	126		AVL	7	7	3	0	17		AVP	20	11	11	0	42		AZO	16	41	65	0	122		BDL	64	104	37	0	205		BET	0	6	0	0	6		BFL	5	8	10	0	23		BGM	5	4	2	0	11		BGR	2	17	2	0	21		BHM	31	48	24	0	103		BIL	5	4	0	0	9		BIS	15	1	0	0	16		BMI	20	47	37	0	104		BNA	59	73	45	0	177		BOI	16	6	15	0	37		BOS	249	352	102	0	703		BPT	1	1	1	0	3		BQK	0	4	0	0	4		BRO	0	18	0	0	18		BRW	0	1	0	0	1		BTM	0	3	0	0	3		BTR	10	23	3	0	36		BTV	12	28	15	0	55		BUF	55	82	45	0	182		BUR	90	14	23	0	127		BWI	89	131	27	0	247		BZN	5	3	2	0	10		CAE	60	23	27	0	110		CAK	28	33	19	0	80		CDC	1	2	0	0	3		CDV	1	0	0	0	1		CEC	4	3	8	0	15		CHA	11	17	12	0	40		CHO	2	6	0	0	8		CHS	50	47	24	0	121		CIC	0	1	13	0	14		CID	37	111	35	0	183		CLD	9	2	2	0	13		CLE	75	175	68	0	318		CLL	3	3	0	0	6		CLT	347	162	86	0	595		CMH	56	95	44	0	195		CMI	3	34	19	0	56		CMX	4	4	7	0	15		COD	3	2	0	0	5		COS	24	10	8	0	42		CPR	10	6	0	0	16		CRP	4	8	0	0	12		CRW	10	9	16	0	35		CSG	5	6	0	0	11		CVG	140	300	79	0	519		CWA	11	10	18	0	39		DAB	3	9	1	0	13		DAL	91	51	5	0	147		DAY	24	44	33	0	101		DBQ	1	27	13	0	41		DCA	228	230	96	0	554		DEN	280	331	35	0	646		DFW	332	441	79	0	852		DHN	0	3	0	1	4		DLH	6	0	0	0	6		DRO	9	23	11	0	43		DSM	61	78	44	0	183		DTW	320	300	137	0	757		EGE	4	30	2	0	36		EKO	2	14	0	0	16		ELM	5	1	1	0	7		ELP	18	5	3	0	26		ERI	8	5	5	0	18		EUG	10	6	26	0	42		EVV	24	43	36	0	103		EWN	0	4	1	0	5		EWR	100	486	370	0	956		EYW	1	3	0	0	4		FAI	8	3	0	0	11		FAR	14	2	21	0	37		FAT	12	23	10	0	45		FAY	2	6	0	0	8		FCA	4	2	1	0	7		FLG	18	17	8	0	43		FLL	37	30	6	0	73		FLO	2	6	0	0	8		FNT	21	31	17	0	69		FSD	17	5	20	0	42		FSM	8	8	2	0	18		FWA	19	35	41	0	95		GEG	14	29	2	0	45		GFK	3	4	2	0	9		GGG	1	5	0	0	6		GJT	12	12	0	0	24		GNV	8	7	0	0	15		GPT	5	19	1	0	25		GRB	26	54	59	0	139		GRK	7	22	2	0	31		GRR	34	55	27	0	116		GSO	50	52	26	0	128		GSP	50	47	38	0	135		GTF	4	3	0	0	7		GTR	0	8	0	0	8		GUC	1	7	2	0	10		HDN	4	24	4	0	32		HHH	3	12	2	0	17		HLN	3	1	0	0	4		HNL	43	0	0	0	43		HOU	90	58	4	0	152		HPN	13	69	43	0	125		HRL	8	16	0	0	24		HSV	40	27	10	0	77		IAD	446	151	66	0	663		IAH	43	169	16	0	228		ICT	38	36	48	0	122		IDA	7	12	0	0	19		ILM	5	10	0	0	15		IND	64	95	49	0	208		IPL	1	2	0	0	3		ISP	2	22	1	0	25		ITO	8	0	0	0	8		IYK	5	4	1	0	10		JAC	8	35	2	0	45		JAX	50	54	5	0	109		JFK	140	257	54	0	451		JNU	11	13	0	0	24		KOA	10	0	0	0	10		KTN	4	4	0	0	8		LAN	26	16	28	0	70		LAS	238	132	68	0	438		LAW	4	6	0	0	10		LAX	387	162	83	0	632		LBB	6	12	0	0	18		LCH	0	2	0	0	2		LEX	12	39	19	0	70		LFT	5	18	0	0	23		LGA	320	503	271	0	1094		LGB	17	9	0	0	26		LIH	9	0	0	0	9		LIT	26	36	15	0	77		LNK	9	5	35	0	49		LRD	2	4	0	0	6		LSE	2	20	25	0	47		LWS	0	1	0	0	1		LYH	2	6	0	0	8		MAF	3	5	0	0	8		MBS	19	15	27	0	61		MCI	104	126	26	0	256		MCN	2	6	0	0	8		MCO	64	67	9	0	140		MDT	29	34	12	0	75		MDW	144	483	10	0	637		MEI	2	4	0	0	6		MEM	214	123	60	0	397		MFE	0	9	0	0	9		MFR	9	11	19	0	39		MGM	6	6	0	0	12		MHT	23	54	16	0	93		MIA	52	33	9	0	94		MKE	46	186	88	0	320		MLB	8	8	1	0	17		MLI	26	38	29	0	93		MLU	5	11	1	0	17		MOB	9	14	3	0	26		MOD	5	10	20	0	35		MOT	0	2	0	0	2		MQT	2	12	2	0	16		MRY	9	18	35	0	62		MSN	36	140	80	0	256		MSO	4	2	0	0	6		MSP	230	180	105	0	515		MSY	38	19	5	0	62		MTJ	3	6	3	0	12		MYR	27	17	3	0	47		OAJ	0	5	0	0	5		OAK	185	43	17	0	245		OGG	20	0	0	0	20		OKC	34	42	25	0	101		OMA	29	46	34	0	109		OME	6	8	0	0	14		ONT	46	24	21	0	91		ORD	1068	1560	2389	0	5017		ORF	38	24	26	0	88		OTZ	5	5	0	0	10		OXR	0	1	1	0	2		PBI	16	24	5	0	45		PDX	65	25	6	0	96		PFN	6	11	2	0	19		PHF	3	24	4	0	31		PHL	156	182	97	0	435		PHX	262	143	61	0	466		PIA	22	30	67	0	119		PIH	2	9	0	0	11		PIT	90	75	54	0	219		PLN	3	5	4	0	12		PMD	1	0	3	0	4		PNS	21	34	9	0	64		PSC	5	9	1	0	15		PSG	1	3	0	0	4		PSP	14	34	5	0	53		PVD	29	51	22	0	102		PWM	21	39	10	0	70		RAP	8	5	0	0	13		RDD	3	0	16	0	19		RDM	2	2	1	0	5		RDU	95	108	49	0	252		RFD	3	2	0	0	5		RHI	2	2	1	0	5		RIC	42	50	21	0	113		RNO	18	75	22	0	115		ROA	12	15	7	0	34		ROC	30	63	28	0	121		ROW	1	0	0	0	1		RST	14	47	34	0	95		RSW	10	19	1	0	30		SAN	135	105	43	0	283		SAV	40	29	21	0	90		SBA	18	21	34	0	73		SBN	35	41	53	0	129		SBP	12	14	18	0	44		SCC	1	2	0	0	3		SCE	8	6	0	0	14		SDF	28	70	35	0	133		SEA	95	45	12	0	152		SFO	309	181	443	0	933		SGF	26	67	31	0	124		SGU	2	9	0	0	11		SHV	33	22	3	0	58		SIT	2	1	0	0	3		SJC	96	43	14	0	153		SJT	1	4	0	0	5		SJU	32	4	1	0	37		SLC	108	230	4	0	342		SLE	0	1	0	0	1		SMF	60	51	27	0	138		SMX	1	6	0	0	7		SNA	99	30	49	0	178		SPI	19	8	14	0	41		SPS	10	10	1	0	21		SRQ	8	13	0	0	21		STL	107	166	43	0	316		STT	3	1	0	0	4		SUX	8	1	0	0	9		SWF	9	11	0	0	20		SYR	33	55	26	0	114		TEX	4	20	5	0	29		TLH	6	6	0	0	12		TOL	2	14	17	0	33		TPA	60	57	8	0	125		TRI	6	9	0	0	15		TUL	32	24	15	0	71		TUS	18	11	2	0	31		TVC	14	16	15	0	45		TWF	9	18	0	0	27		TXK	6	10	0	0	16		TYR	5	11	1	0	17		TYS	26	31	8	0	65		VLD	3	3	0	0	6		VPS	5	20	3	0	28		WRG	1	3	0	0	4		XNA	55	36	42	0	133		YAK	2	1	0	0	3		YKM	1	1	0	0	2		YUM	13	1	1	0	15		